,loss_KNIFE,error_KNIFE,loss_Schraudolph,error_Schraudolph,loss_DoE,error_DoE,loss_true_entropy,loss_oracle,error_oracle
0,104.25248958671509,13.440423461616106,104.11186558582185,13.299799460722866,172.77783719124875,81.96577106614977,90.81206612509898,90.66364055053599,-0.14842557456299232
1,101.73907112071994,10.927004995620962,104.3115464748901,13.499480349791114,173.75083404451578,82.9387679194168,90.81206612509898,90.08736143412158,-0.7247046909774042
2,99.9845873191619,9.172521194062924,104.417381912412,13.605315787313017,173.04831902693613,82.23625290183715,90.81206612509898,90.52117700826147,-0.29088911683750496
3,98.74708070113152,7.935014576032543,104.5140167886723,13.701950663573314,168.53185568213914,77.71978955704016,90.81206612509898,90.96683137340179,0.1547652483028088
4,97.21889896831361,6.40683284321463,104.09884987773262,13.286783752633639,167.82708358663135,77.01501746153237,90.81206612509898,90.38226440833175,-0.4298017167672299
5,96.36041034350963,5.548344218410648,104.01479748038011,13.20273135528113,163.1389323600227,72.32686623492371,90.81206612509898,90.28192364334026,-0.5301424817587161
6,96.23344486257784,5.421378737478861,103.6833775421936,12.871311417094617,165.50210940743256,74.69004328233358,90.81206612509898,90.70306154396945,-0.10900458112952549
7,95.26087763874852,4.448811513649545,103.57176715783268,12.759701032733702,159.66478196830832,68.85271584320934,90.81206612509898,90.08873879913612,-0.7233273259628561
8,95.26183219490983,4.449766069810849,103.84212279390877,13.030056668809792,156.75169299545433,65.93962687035535,90.81206612509898,90.62878953466095,-0.1832765904380267
9,95.3676176077501,4.555551482651126,103.8455228412369,13.03345671613792,156.74339112092392,65.93132499582494,90.81206612509898,90.91121859111054,0.09915246601156014
10,94.49987933478867,3.6878132096896934,102.88094614849574,12.068880023396758,155.0785791617354,64.26651303663643,90.81206612509898,89.88511592741361,-0.9269501976853718
11,95.24771949674896,4.435653371649977,103.6685143547763,12.856448229677326,159.271972208257,68.45990608315803,90.81206612509898,91.07505800500812,0.2629918799091371
12,95.46803279150721,4.655966666408233,104.09419103886492,13.28212491376594,153.09560168889143,62.283535563792455,90.81206612509898,91.19822355692284,0.386157431823861
13,94.49989585869503,3.687829733596047,103.35138689417116,12.539320769072177,152.80718695169418,61.9951208265952,90.81206612509898,90.61209138061722,-0.19997474448176433
14,95.08201010494669,4.26994397984771,103.30653101259158,12.494464887492597,149.13113219181534,58.31906606671636,90.81206612509898,90.86620605069749,0.054139925598505556
15,94.07428588131262,3.2622197562136392,103.05002709657711,12.237960971478131,148.8797757881593,58.06770966306031,90.81206612509898,90.04514259739885,-0.7669235277001292
16,94.76362309120213,3.951556966103155,102.81685618385251,12.004790058753528,148.4743057425955,57.662239617496525,90.81206612509898,90.56833638195191,-0.24372974314707108
17,93.46950823830593,2.6574421132069546,101.83329043042005,11.02122430532107,143.57048133027268,52.758415205173705,90.81206612509898,89.36925498572056,-1.4428111393784206
18,94.99882154175273,4.186755416653753,102.88921724743673,12.077151122337753,148.9657623816026,58.15369625650361,90.81206612509898,91.17502120230725,0.36295507720826947
19,94.83726128662897,4.025195161529993,103.29214761613594,12.480081491036955,145.8957274384468,55.08366131334783,90.81206612509898,91.01861417877504,0.20654805367605888
20,94.66563114801043,3.8535650229114538,103.29039099283328,12.478324867734301,144.3208443474972,53.50877822239822,90.81206612509898,91.02563473298954,0.21356860789056498
21,95.29750056026998,4.485434435171001,103.6858841980594,12.873818072960418,141.898280175894,51.08621405079502,90.81206612509898,91.55538143283874,0.7433153077397634
22,94.83400454034461,4.021938415245629,103.13779636773754,12.325730242638556,142.39508703725926,51.58302091216028,90.81206612509898,91.2658624663641,0.45379634126511803
23,94.19381148797723,3.381745362878249,102.66545760335492,11.853391478255944,142.21786904334851,51.405802918249535,90.81206612509898,90.59183326056841,-0.22023286453057267
24,93.6111493716977,2.7990832465987268,102.06316939046512,11.25110326536614,140.64193712494009,49.829870999841106,90.81206612509898,90.10061458452812,-0.711451540570863
25,94.18558089258364,3.3735147674846644,102.51578016865314,11.703714043554157,137.5301243420404,46.71805821694143,90.81206612509898,90.7365435650596,-0.0755225600393743
26,95.03096942180004,4.218903296701058,103.19684966980553,12.38478354470655,138.89671296870793,48.08464684360895,90.81206612509898,91.48282349652976,0.6707573714307813
27,94.42595885969186,3.6138927345928806,102.62397144587803,11.811905320779047,141.07699748166291,50.264931356563935,90.81206612509898,91.27118448715265,0.4591183620536725
28,94.56282170270694,3.7507555776079613,102.84848688067387,12.036420755574895,137.31124409576034,46.499177970661364,90.81206612509898,90.96639759784837,0.15433147274939074
29,94.02484768666662,3.2127815615676383,102.66885802261658,11.856791897517596,134.9416502110451,44.12958408594612,90.81206612509898,90.60832249920489,-0.20374362589409145
30,94.3216152414463,3.5095491163473156,102.64630391222627,11.834237787127293,133.70002980454922,42.88796367945024,90.81206612509898,91.05271819303255,0.24065206793356708
31,94.2831287098239,3.471062584724919,102.0413958158245,11.229329690725521,136.59849265673262,45.78642653163364,90.81206612509898,90.87590405909725,0.06383793399827198
32,94.38025468814078,3.568188563041801,102.47342433892129,11.66135821382231,130.5305063011225,39.71844017602352,90.81206612509898,91.06604397585754,0.2539778507585595
33,94.92836863522818,4.116302510129202,103.31087802912984,12.498811904030859,130.45402121841568,39.641955093316696,90.81206612509898,91.51417266415253,0.7021065390535455
34,94.83479373374371,4.022727608644729,102.73777554546031,11.92570942036133,132.2002896826208,41.38822355752181,90.81206612509898,91.41217761885707,0.6001114937580923
35,94.98184421918931,4.169778094090333,102.68794689289845,11.875880767799472,131.04393994512742,40.23187382002844,90.81206612509898,91.35562910672083,0.5435629816218466
36,94.25129112836754,3.439225003268561,102.21571246782369,11.403646342724713,129.8144105422638,39.00234441716482,90.81206612509898,90.71823463490757,-0.09383149019140546
37,93.84332274432624,3.031256619227264,102.02516212926152,11.213096004162537,129.46640524630035,38.654339121201374,90.81206612509898,90.35811488270569,-0.45395124239328766
38,93.97662017714461,3.164554052045631,102.13245396295287,11.320387837853886,126.74188708795313,35.92982096285415,90.81206612509898,90.4210667519269,-0.3909993731720789
39,94.28485679948528,3.472790674386303,102.03611703545648,11.224050910357505,127.04814117131593,36.23607504621695,90.81206612509898,90.91095161988207,0.09888549478309017
40,94.19056701140269,3.378500886303712,102.16271172609878,11.350645600999798,126.52018660982799,35.70812048472901,90.81206612509898,90.81742812333063,0.005361998231649068
41,93.66678856783545,2.854722442736474,101.59944584205016,10.787379716951179,125.91739350482439,35.10532737972541,90.81206612509898,90.34068839327443,-0.47137773182454623
42,94.38922013668176,3.5771540115827776,102.1735106721505,11.36144454705152,125.62743039685066,34.815364271751676,90.81206612509898,91.14493517132817,0.33286904622919167
43,92.9696217201657,2.157555595066725,101.36991798904282,10.557851863943839,122.13332250837007,31.32125638327109,90.81206612509898,89.7492146754711,-1.0628514496278854
44,94.48494730370271,3.672881178603731,102.20224923484244,11.390183109743461,123.86276823696838,33.0507021118694,90.81206612509898,91.2483868556039,0.43632073050491726
45,95.42320821246432,4.611142087365337,102.79318924765921,11.981123122560234,122.59466872620675,31.78260260110777,90.81206612509898,91.88687723520613,1.0748111101071487
46,94.08763643383347,3.275570308734487,101.89582083431198,11.083754709212997,122.39619329232309,31.58412716722411,90.81206612509898,90.7132134660811,-0.09885265901787932
47,93.8811498335152,3.0690837084162155,101.8999740705419,11.087907945442922,121.87975763109793,31.06769150599895,90.81206612509898,90.50849021847094,-0.30357590662804057
48,93.08783136410378,2.275765239004798,101.03110014349438,10.219034018395405,120.82734102394365,30.015274898844666,90.81206612509898,89.82839854987532,-0.983667575223663
49,94.26036511143937,3.44829898634039,101.91536018119064,11.103294056091656,122.66673156923252,31.854665444133545,90.81206612509898,90.97396890499334,0.16190277989436197
50,93.88968854922807,3.077622424129089,101.82674067903554,11.014674553936558,120.39996591852223,29.587899793423247,90.81206612509898,90.9057283444364,0.0936622193374177
51,93.43283763616436,2.620771511065385,101.36374485774738,10.551678732648398,120.32508793076775,29.51302180566877,90.81206612509898,90.22910449144169,-0.5829616336572911
52,93.90473475443319,3.092668629334213,101.59668556318385,10.784619438084874,117.46301819547173,26.650952070372753,90.81206612509898,90.71397542095968,-0.09809070413929533
53,94.60513126507826,3.7930651399792765,102.30185030001108,11.489784174912103,119.39667846466446,28.58461233956548,90.81206612509898,91.52180361803363,0.70973749293465
54,94.56349028589436,3.7514241607953807,102.36954145029155,11.55747532519257,118.22135356836637,27.409287443267388,90.81206612509898,91.25668026689175,0.44461414179276915
55,94.27554788433301,3.4634817592340283,101.72267210387264,10.91060597877366,117.52082735398483,26.708761228885848,90.81206612509898,90.97159108959336,0.15952496449438058
56,93.48063256311352,2.668566438014537,100.9395159319571,10.127449806858124,113.96169546626905,23.14962934117007,90.81206612509898,90.2056618887749,-0.6064042363240816
57,94.22897342520511,3.416907300106132,101.86448849692036,11.052422371821379,116.79709458414428,25.985028459045296,90.81206612509898,90.9847759830266,0.1727098579276145
58,93.79913145037892,2.987065325279943,101.47564227203331,10.663576146934332,116.22414777922025,25.412081654121266,90.81206612509898,90.49514507755774,-0.31692104754124273
59,93.99723385894404,3.185167733845063,101.66373900243184,10.85167287733286,115.70032073163671,24.88825460653773,90.81206612509898,90.92781041138704,0.11574428628806288
60,93.49755943268553,2.6854933075865546,101.22655219235412,10.41448606725514,115.65862550312254,24.846559378023557,90.81206612509898,90.29753636662764,-0.5145297584713404
61,93.62235447393437,2.8102883488353854,101.61560982944181,10.803543704342829,113.89231494636823,23.08024882126925,90.81206612509898,90.51198940741835,-0.30007671768062494
62,94.59776987106707,3.7857037459680924,101.79808880124752,10.986022676148536,114.59455099525053,23.78248487015155,90.81206612509898,91.47661359872791,0.6645474736289287
63,93.51041290468103,2.698346779582053,100.82104899587466,10.008982870775682,113.5170282495725,22.704962124473525,90.81206612509898,90.21685047328354,-0.5952156518154368
64,94.68404913157048,3.8719830064714955,101.96615715079705,11.154091025698065,112.70070408932489,21.888637964225907,90.81206612509898,91.4629042827884,0.6508381576894209
65,93.52259861674379,2.7105324916448126,101.08240704187531,10.270340916776334,113.36376415888907,22.55169803379009,90.81206612509898,90.21998278156124,-0.5920833435377375
66,93.62003138144982,2.8079652563508404,101.07028718224568,10.258221057146699,111.77638007834703,20.964313953248052,90.81206612509898,90.31262144552383,-0.4994446795751486
67,93.51240861779166,2.700342492692684,100.9581062631981,10.146040138099124,112.50229409452764,21.690227969428662,90.81206612509898,90.31874879264807,-0.49331733245091414
68,93.89816296546553,3.086096840366551,101.46827497004858,10.656208844949603,111.5500874966503,20.738021371551326,90.81206612509898,90.69287546869744,-0.11919065640154258
69,94.10191352280938,3.2898473977104032,101.64393560879662,10.831869483697645,111.24212499440972,20.43005886931074,90.81206612509898,90.91474473650862,0.10267861140964385
70,93.65765343142183,2.845587306322855,101.27150061137455,10.459434486275569,112.54275539762861,21.73068927252963,90.81206612509898,90.51956977687078,-0.29249634822819814
71,94.77880675434,3.9667406292410163,101.96891094771934,11.156844822620357,110.51566737872179,19.703601253622807,90.81206612509898,91.79307243831228,0.9810063132132996
72,93.91531946974808,3.1032533446491044,101.16369163712929,10.35162551203031,110.57718559898092,19.76511947388194,90.81206612509898,90.82131166416607,0.00924553906709491
73,94.88219412535986,4.07012800026088,102.23937336820794,11.427307243108956,110.62689560469934,19.814829479600363,90.81206612509898,91.60228989198467,0.7902237668856884
74,94.89478329145429,4.082717166355309,101.9793897782466,11.16732365314762,109.5171605366427,18.705094411543726,90.81206612509898,91.75416169807616,0.9420955729771805
75,93.14640792670235,2.3343418016033723,100.7123142529637,9.900248127864714,108.91404947621658,18.101983351117596,90.81206612509898,89.95770510094218,-0.8543610241568018
76,93.32939732857957,2.5173312034805946,100.96672232799295,10.154656202893975,109.22617017482798,18.414104049729005,90.81206612509898,90.31893425971623,-0.49313186538275033
77,93.78883173397853,2.976765608879546,101.09770987230158,10.285643747202599,108.70126744919506,17.889201324096078,90.81206612509898,90.63053844658268,-0.18152767851630358
78,93.4977735809539,2.6857074558549243,100.83355768022338,10.021491555124399,108.20812168635452,17.396055561255537,90.81206612509898,90.34209726877796,-0.46996885632101737
79,94.24937024180967,3.437304116710692,101.08831663414298,10.276250509044004,108.46441902941764,17.65235290431866,90.81206612509898,90.96028050655123,0.14821438145224874
80,93.8856186050875,3.073552479988521,101.29521428712209,10.483148162023113,108.87779124072831,18.065725115629334,90.81206612509898,90.73837488502167,-0.07369124007730932
81,94.12949213268408,3.317426007585098,101.28466559696862,10.472599471869643,108.60643543074545,17.79436930564647,90.81206612509898,91.00991442638292,0.1978483012839405
82,94.55309222177516,3.7410260966761797,101.46124981778387,10.649183692684886,108.25497736896921,17.442911243870228,90.81206612509898,91.36909432387499,0.5570281987760097
83,93.3530046605325,2.5409385354335257,100.94325656349358,10.131190438394597,107.81232374421342,17.000257619114436,90.81206612509898,90.01990249825353,-0.7921636268454506
84,93.72974054553903,2.9176744204400507,100.64740429605939,9.835338170960412,106.90028624541307,16.08822012031409,90.81206612509898,90.44623389318124,-0.36583223191773584
85,94.89488637360904,4.08282024851006,101.72550659363566,10.913440468536677,107.74619415787231,16.93412803277333,90.81206612509898,91.7063673271898,0.8943012020908157
86,93.7535024758014,2.9414363507024177,100.96002594100939,10.147959815910411,107.89655694512304,17.084490820024058,90.81206612509898,90.51265032500555,-0.2994158000934277
87,93.64672172790117,2.8346556028021865,100.88706421839217,10.074998093293189,106.65003190858704,15.837965783488059,90.81206612509898,90.54233987294614,-0.26972625215283585
88,94.41522461054572,3.603158485446741,101.59610787081598,10.784041745717005,106.40605883883407,15.59399271373509,90.81206612509898,91.33582322755136,0.5237571024523788
89,93.52227681018287,2.7102106850838936,100.71733770769782,9.905271582598843,105.32354551028314,14.51147938518416,90.81206612509898,90.37334676359423,-0.4387193615047522
90,94.37847682838472,3.56641070328574,101.57263537573576,10.760569250636777,106.04362572527313,15.231559600174151,90.81206612509898,91.38024487480718,0.5681787497081956
91,92.98821179913847,2.176145674039489,100.2605917587704,9.448525633671423,104.64837453295058,13.836308407851604,90.81206612509898,89.74367933322374,-1.0683867918752412
92,94.3345049062933,3.5224387811943245,101.31037687437438,10.498310749275404,106.46709665913949,15.655030534040506,90.81206612509898,91.13870334125293,0.326637216153955
93,94.26596393647625,3.4538978113772743,101.38697821542897,10.574912090329988,106.1355912275458,15.323525102446823,90.81206612509898,90.98014742932712,0.1680813042281386
94,94.8208761384016,4.008810013302622,101.3725878539028,10.56052172880382,105.59200329403953,14.779937168940549,90.81206612509898,91.8748721663395,1.0628060412405205
95,93.58407507339246,2.7720089482934753,100.74732291651263,9.93525679141365,105.14547007704489,14.333403951945911,90.81206612509898,90.46159789381824,-0.3504682312807432
96,94.00017471791668,3.1881085928176986,101.1360476771236,10.32398155202462,104.79422001106175,13.982153885962774,90.81206612509898,90.81891941703927,0.006853291940288386
97,93.93979797446761,3.1277318493686295,101.19884710134619,10.38678097624721,104.04893862046475,13.236872495365773,90.81206612509898,90.8930172624724,0.08095113737341819
98,94.39131556121532,3.579249436116342,101.12043508696478,10.308368961865796,106.4543192271803,15.642253102081327,90.81206612509898,91.26178123856374,0.44971511346476234
99,94.16256234640369,3.3504962213047094,101.3521112336413,10.540045108542316,103.3086398061545,12.496573681055523,90.81206612509898,91.13561381100365,0.3235476859046713
100,94.37426727792278,3.5622011528238033,101.27596415395453,10.463898028855553,103.62803452123414,12.815968396135162,90.81206612509898,91.30627032455507,0.4942041994560924
101,93.6025576964178,2.7904915713188245,100.63746786124787,9.82540173614889,102.39870774456321,11.586641619464231,90.81206612509898,90.54928107716589,-0.2627850479330931
102,93.55066428257834,2.738598157479359,100.71501476667058,9.902948641571598,101.68826342235181,10.87619729725283,90.81206612509898,90.327474505989,-0.4845916191099775
103,94.2122794967085,3.4002133716095244,101.50551679551367,10.693450670414691,102.72878603342701,11.916719908328034,90.81206612509898,91.27750932227897,0.4654431971799937
104,94.382302357991,3.5702362328920145,101.5409802790293,10.728914153930319,102.53798734193083,11.72592121683185,90.81206612509898,91.24794357963034,0.43587745453136506
105,93.14821554887456,2.3361494237755807,100.2540427004106,9.441976575311614,101.36432793606205,10.552261810963074,90.81206612509898,90.04849220083783,-0.7635739242611521
106,93.87569380750539,3.0636276824064055,100.84440245328726,10.03233632818828,102.04115094440866,11.229084819309676,90.81206612509898,90.7456944371709,-0.06637168792808268
107,92.9102638966459,2.0981977715469213,100.25927449281923,9.44720836772025,101.30483364485087,10.492767519751894,90.81206612509898,89.91517510167763,-0.8968910234213467
108,93.3239082396465,2.5118421145475196,100.15529388568983,9.34322776059085,101.569508295325,10.757442170226014,90.81206612509898,90.23860604842437,-0.573460076674607
109,94.97008097862319,4.158014853524207,101.82423582040192,11.012169695302944,102.80848041090658,11.996414285807603,90.81206612509898,91.9217350425769,1.1096689174779186
110,94.10630584971803,3.2942397246190467,101.1159618830094,10.303895757910425,102.59054854844425,11.778482423345267,90.81206612509898,90.97678747938812,0.16472135428914214
111,93.24875914259417,2.4366930174951875,100.3204599746333,9.508393849534315,101.26829612587763,10.456230000778646,90.81206612509898,90.24580890309048,-0.5662572220085025
112,92.72411298084101,1.9120468557420338,100.34017438699186,9.528108261892882,100.51839815302702,9.706332027928042,90.81206612509898,89.62536763874391,-1.1866984863550698
113,94.56708148694334,3.7550153618443574,101.63482526106583,10.822759135966848,102.00785120159537,11.195785076496392,90.81206612509898,91.61583319917375,0.80376707407477
114,93.95038185017576,3.1383157250767795,101.18677048473384,10.374704359634862,102.44011020519778,11.628044080098803,90.81206612509898,91.15929019611232,0.3472240710133434
115,93.79261773954431,2.980551614445332,101.00506326562004,10.192997140521058,101.71585786751206,10.903791742413077,90.81206612509898,90.93647949001397,0.12441336491498589
116,94.76502732614142,3.9529612010424415,101.69507477581861,10.883008650719631,101.36495572990944,10.55288960481046,90.81206612509898,91.80971876774285,0.997652642643871
117,93.97085692448205,3.1587907993830697,101.0959283319092,10.283862206810227,100.87254432155808,10.060478196459101,90.81206612509898,90.96455990986408,0.1524937847650989
118,93.95896167320836,3.1468955481093843,100.83950226397278,10.027436138873796,99.62624773139603,8.814181606297055,90.81206612509898,91.02048511000555,0.2084189849065723
119,93.14013967396016,2.328073548861184,100.64776499454821,9.835698869449232,100.12720762737266,9.315141502273676,90.81206612509898,90.34745427838675,-0.46461184671223066
120,93.7846388886208,2.972572763521825,101.00538355340177,10.193317428302791,100.10132626580501,9.289260140706034,90.81206612509898,90.88862594587883,0.07655982077984902
121,94.54347782797103,3.7314117028720517,101.66553670545235,10.853470580353374,100.52402285302786,9.711956727928879,90.81206612509898,91.57168753024372,0.7596214051447419
122,94.34751950955096,3.5354533844519835,101.40571064598461,10.593644520885633,100.9580311448073,10.145965019708314,90.81206612509898,91.40726318624543,0.5951970611464503
123,93.21299997317982,2.4009338480808395,100.21354271733733,9.401476592238353,99.72601262612784,8.91394650102886,90.81206612509898,90.2756399022593,-0.5364262228396797
124,93.60405180288514,2.7919856777861582,100.75974678581062,9.94768066071164,99.40260996583262,8.590543840733645,90.81206612509898,90.36758894005378,-0.4444771850452014
125,93.99507729464975,3.183011169550767,100.88627263601211,10.074206510913129,99.53230748014678,8.720241355047804,90.81206612509898,90.85142480226703,0.03935867716805319
126,94.32829030810727,3.5162241830082905,101.42116255979823,10.609096434699254,100.29545525113093,9.483389126031952,90.81206612509898,91.28327610353796,0.47120997843897783
127,93.75484359851788,2.9427774734189,100.7998980955284,9.987831970429426,99.48495661642868,8.672890491329696,90.81206612509898,90.75470627418508,-0.0573598509138975
128,93.39400845793087,2.5819423328318862,100.60432270008472,9.792256574985743,99.01824099133597,8.206174866236992,90.81206612509898,90.36177670478764,-0.4502894203113357
129,93.86685947538649,3.054793350287511,101.10813145347701,10.296065328378035,98.79509140372538,7.9830252786264,90.81206612509898,90.89127704228356,0.07921091718458229
130,94.41812119648569,3.606055071386706,101.19298548480427,10.380919359705288,100.12624581779137,9.314179692692392,90.81206612509898,91.33604428408077,0.5239781589817909
131,93.82477578966036,3.0127096645613847,100.98885903121598,10.176792906117,98.64223165470997,7.830165529610994,90.81206612509898,90.71374825643933,-0.09831786865964887
132,93.13423538036625,2.3221692552672692,100.39528294863467,9.583216823535693,97.54044030555413,6.728374180455148,90.81206612509898,89.96275266591854,-0.8493134591804363
133,93.67035234133496,2.8582862162359817,100.5452939255837,9.733227800484727,97.99693833721659,7.184872212117611,90.81206612509898,90.70262685202178,-0.10943927307720003
134,94.35104473424116,3.538978609142177,100.81780767353519,10.005741548436205,98.85785149998233,8.045785374883351,90.81206612509898,91.2291475973725,0.417081472273523
135,93.48850530802217,2.6764391829231897,100.50037870711952,9.688312582020544,97.14972545760655,6.33765933250757,90.81206612509898,90.50588901015247,-0.30617711494650734
136,93.9526774455288,3.1406113204298265,100.91193594581713,10.099869820718155,98.44843198575383,7.636365860654848,90.81206612509898,90.79686026738858,-0.015205857710398618
137,93.87819692945497,3.0661308043559927,100.57623940254645,9.764173277447469,97.97120277699841,7.159136651899431,90.81206612509898,90.78083890789414,-0.031227217204843782
138,94.87805850044703,4.065992375348046,101.84818530739182,11.036119182292836,99.44876498777833,8.636698862679353,90.81206612509898,91.80707713618014,0.9950110110811607
139,95.13007882357073,4.3180126984717475,101.82011377950451,11.00804765440553,98.7097479066606,7.897681781561616,90.81206612509898,91.94988585908303,1.1378197339840455
140,94.34563019727284,3.53356407217386,101.11888849850206,10.30682237340308,98.12645174770716,7.314385622608185,90.81206612509898,91.32091779724446,0.5088516721454823
141,93.75592239702783,2.9438562719288512,100.71754075716714,9.905474632068163,97.50491044179097,6.692844316691989,90.81206612509898,90.7937615151248,-0.018304609974180153
142,93.49561692259473,2.683550797495755,100.63359662152058,9.821530496421602,97.16435710800907,6.352290982910091,90.81206612509898,90.60178776621859,-0.21027835888038737
143,93.47497234726357,2.662906222164594,100.80660901253384,9.99454288743486,97.04816881232344,6.236102687224459,90.81206612509898,90.66539463390427,-0.14667149119470935
144,93.86855782708625,3.0564917019872695,100.91396621196044,10.101900086861463,97.41225171981583,6.600185594716848,90.81206612509898,90.92927719833295,0.11721107323397462
145,93.55766457884292,2.7455984537439377,100.69560416251105,9.883538037412066,97.73128058547897,6.91921446037999,90.81206612509898,90.54398005739242,-0.2680860677065624
146,93.79039891063861,2.978332785539635,100.62833316929817,9.816267044199193,97.25955991573193,6.447493790632947,90.81206612509898,90.61260101982087,-0.199465105278108
147,93.85873162808305,3.0466655029840695,100.4340337793459,9.621967654246916,97.39410525967924,6.582039134580256,90.81206612509898,90.97104781920947,0.15898169411049423
148,93.75153309343105,2.93946696833207,100.71694960492586,9.904883479826879,97.74599913919471,6.933933014095729,90.81206612509898,90.80209623177068,-0.00996989332830367
149,93.94671337964976,3.134647254550785,100.62909096897351,9.817024843874535,97.01028164572904,6.1982155206300575,90.81206612509898,90.96869451840683,0.15662839330785516
150,92.8035499493163,1.991483824217326,99.85876643922528,9.046700314126298,96.75818257083844,5.946116445739463,90.81206612509898,89.765753747838,-1.0463123772609748
151,93.33469126515612,2.522625140057144,100.44170168509827,9.629635559999286,95.84228690616922,5.030220781070241,90.81206612509898,90.24816728780512,-0.5638988372938627
152,92.8803214900748,2.068255364975826,100.06605397435591,9.25398784925693,95.65829148003905,4.846225354940074,90.81206612509898,89.87791669922137,-0.9341494258776066
153,92.7302595696443,1.9181934445453237,99.86905919939228,9.056993074293302,95.99436047359498,5.182294348496001,90.81206612509898,89.61237381051217,-1.1996923145868124
154,94.46500571356053,3.6529395884615496,101.43974824765502,10.627682122556038,96.98572938216066,6.173663257061676,90.81206612509898,91.65319891720958,0.8411327921105993
155,93.52723663073726,2.7151705056382838,100.55826613693081,9.746200011831831,96.36349899084537,5.551432865746392,90.81206612509898,90.66910998367189,-0.14295614142709212
156,92.8628253362242,2.050759211125225,100.24005610858767,9.427989983488686,95.44640858285992,4.634342457760937,90.81206612509898,90.15208159891236,-0.6599845261866193
157,94.21988726187202,3.4078211367730376,100.89654377966653,10.08447765456755,96.65098427650989,5.838918151410908,90.81206612509898,91.23270338544407,0.42063726034508875
158,93.81896852302893,3.0069023979299487,100.80112038603514,9.989054260936157,96.71141289435803,5.899346769259054,90.81206612509898,90.86086948284262,0.048803357743636866
159,93.98648842240851,3.1744222973095333,100.96780103051434,10.155734905415358,96.68788317782634,5.875817052727356,90.81206612509898,91.1531961433164,0.3411300182174273
160,93.76199320701892,2.949927081919938,100.73344241858695,9.921376293487967,96.1295459757351,5.3174798506361185,90.81206612509898,90.98808931891888,0.17602319381990128
161,93.16234093221209,2.3502748071131094,100.51307586423587,9.701009739136893,95.81205409903345,4.999987973934466,90.81206612509898,90.34668478293767,-0.465381342161308
162,93.73254187042056,2.920475745321582,100.78795848671007,9.975892361611088,97.15740109362402,6.345334968525037,90.81206612509898,90.97642696690578,0.164360841806797
163,93.68619979452032,2.87413366942134,100.60092354526529,9.788857420166309,96.2959054973301,5.483839372231117,90.81206612509898,90.9311227057562,0.11905658065721525
164,93.84656777967919,3.034501654580211,101.16416983460702,10.352103709508043,96.5619232469762,5.749857121877227,90.81206612509898,91.13499797630041,0.32293185120143164
165,93.9728806497045,3.1608145246055273,100.53946299052242,9.727396865423444,97.13252144557869,6.320455320479709,90.81206612509898,91.01487957320487,0.20281344810588564
166,94.1969618054159,3.384895680316916,100.82499859827823,10.012932473179248,96.5383841455552,5.726318020456219,90.81206612509898,91.42217147784541,0.6101053527464302
167,94.1864375499189,3.374371424819927,100.92172623670677,10.109660111607795,96.4060377233221,5.593971598223121,90.81206612509898,91.30375441421872,0.49168828911973605
168,94.01132646262936,3.199260337530376,101.18039708794448,10.368330962845505,95.95554420095311,5.143478075854134,90.81206612509898,91.33417131915188,0.522105194052898
169,94.71577969218885,3.9037135670898664,101.78180181511942,10.969735690020443,96.55713009209086,5.745063966991879,90.81206612509898,91.97681041273938,1.1647442876404028
170,93.42680905720246,2.614742932103482,100.70552871958765,9.893462594488668,95.73581662267176,4.923750497572783,90.81206612509898,90.63086824773403,-0.1811978773649514
171,93.6542112154931,2.8421450903941263,100.70565174569339,9.893585620594408,95.44756109335378,4.635494968254804,90.81206612509898,90.81920280416338,0.007136679064402074
172,93.82351741459914,3.011451289500158,101.03399350880395,10.221927383704966,95.22761909383547,4.415552968736492,90.81206612509898,91.12270175968888,0.3106356345899002
173,93.94489355612565,3.1328274310266693,100.79170910272288,9.979642977623897,95.42765636232997,4.61559023723099,90.81206612509898,91.09870491532273,0.2866387902237477
174,93.86834802695154,3.0562819018525573,100.9576967926188,10.145630667519825,95.57117471078234,4.759108585683364,90.81206612509898,91.02086537989999,0.2087992548010078
175,94.06599028792444,3.253924162825456,101.26392320041678,10.451857075317804,96.05202148897672,5.2399553638777405,90.81206612509898,91.16484635346609,0.3527802283671093
176,93.56488747501206,2.752821349913077,100.3073235113793,9.495257386280315,95.04407296221203,4.2320068371130475,90.81206612509898,90.65377677956816,-0.15828934553081808
177,93.29219080259463,2.4801246774956525,100.70749922174602,9.89543309664704,95.15738381776225,4.345317692663272,90.81206612509898,90.64342837235209,-0.1686377527468892
178,93.51998776958197,2.707921644482994,100.87149232991533,10.059426204816347,95.2197408416921,4.407674716593121,90.81206612509898,90.92163798548262,0.10957186038363886
179,94.13356438996273,3.3214982648637488,100.94283992248202,10.130773797383043,95.83252124852451,5.020455123425535,90.81206612509898,91.1794920398598,0.36742591476081543
180,93.6629450639266,2.85087893882762,100.9391067597133,10.127040634614318,94.92774072619181,4.1156746010928345,90.81206612509898,90.95523223050338,0.14316610540440422
181,93.55275164007452,2.7406855149755387,100.53556117564142,9.72349505054244,94.98832986175788,4.176263736658896,90.81206612509898,90.70685549261934,-0.1052106324796398
182,93.60790665460564,2.7958405295066626,100.5570437280281,9.744977602929126,94.87908036678557,4.067014241686593,90.81206612509898,90.75852629351823,-0.05353983158074982
183,93.47310076581871,2.661034640719734,100.62573191687585,9.81366579177687,94.45467638300781,3.642610257908828,90.81206612509898,90.47864994029986,-0.3334161847991197
184,93.43954344927798,2.6274773241789973,100.73843325359408,9.926367128495102,94.85706377829524,4.044997653196262,90.81206612509898,90.68562317375071,-0.12644295134826677
185,93.85566534600952,3.0435992209105365,100.78285175070064,9.970785625601664,94.77787508971448,3.965808964615505,90.81206612509898,90.91269890876812,0.10063278366914119
186,93.31613080064501,2.504064675546033,100.41003647687165,9.597970351772673,94.26418372046165,3.4521175953626653,90.81206612509898,90.46980644595581,-0.3422596791431687
187,94.05708029685294,3.245014171753965,100.92477505748309,10.112708932384109,95.45719236147329,4.64512623637431,90.81206612509898,91.33465233814279,0.5225862130438088
188,93.64790486729771,2.8358387421987317,100.91638047340926,10.104314348310282,95.39863271726873,4.586566592169746,90.81206612509898,91.03633167623528,0.2242655511362983
189,93.42623241188424,2.614166286785263,100.53870598101469,9.726639855915707,94.88327110297064,4.071204977871659,90.81206612509898,90.7160179626596,-0.09604816243937364
190,93.89216997055532,3.0801038454563354,100.97000768407733,10.15794155897835,94.47366420290464,3.661598077805664,90.81206612509898,90.93543730682838,0.12337118172939654
191,93.92610894927745,3.114042824178469,100.91090722645237,10.098841101353386,95.09799613110876,4.285930006009778,90.81206612509898,91.11893788812283,0.30687176302384955
192,93.74857439922988,2.936508274130901,100.36817330551496,9.556107180415978,94.85164269931735,4.039576574218373,90.81206612509898,90.98564477783466,0.17357865273568507
193,94.11445821142959,3.302392086330613,100.71583588526245,9.90376976016347,94.73596800187298,3.9239018767739964,90.81206612509898,91.10456770064896,0.29250157554997713
194,93.53856506791165,2.7264989428126682,100.77766066795262,9.965594542853637,94.67629707000583,3.8642309449068506,90.81206612509898,90.72689014407396,-0.08517598102501722
195,92.55327535877022,1.741209233671242,100.08486677797615,9.272800652877166,93.23387445517908,2.421808330080097,90.81206612509898,89.74492372466179,-1.0671424004371914
196,93.31318892847595,2.5011228033769726,100.54723659720796,9.735170472108976,93.63070617777115,2.8186400526721656,90.81206612509898,90.56227691431212,-0.249789210786858
197,93.48280447277152,2.6707383476725397,100.54254128074481,9.730475155645834,93.98561214351122,3.173546018412239,90.81206612509898,90.85928436422381,0.04721823912483103
198,93.79445892020297,2.9823927951039906,101.10694713045237,10.294881005353389,94.51182999337114,3.699763868272157,90.81206612509898,91.02286019624748,0.21079407114849857
199,93.1321947703697,2.3201286452707137,100.76426111434961,9.952194989250629,94.09653955298562,3.2844734278866383,90.81206612509898,90.51794609379064,-0.2941200313083385
